{"dcVolts":53.06396484375,"dcBatteryPower":-176.8798828125,"inverterRunHrsTotalAcc":38981.85,"chargeStatus":0,"daysSinceEqualise":1,"nowTotalAcPowerSolar":0,"nowAcPowerSolar1":0,"nowAcPowerSolar2":0,"nowAcPowerSolar3":0,"nowAcPowerSolar4":0,"nowAcPowerSolar5":0,"battSocPercent":90.2421875,"dcCurrent":3.662109375,"dcBatteryCurrent":157286396.66748047,"batteryVolts":53.131256103515625,"acLoadVoltage":229.93408203125,"loadAcPower":157.01217651367188,"powerUsed":157.01217651367188,"acInverterRmsAmps":439.27490234375,"acCurrent":0,"acGeneratorPower":-233196.44165039062,"acGeneratorPower5minAvg":-233196.44165039062,"acGeneratorRmsVolts":0.452880859375,"acGeneratorRmsAmps":0,"nowPercentSolar":0,"todayTotalAcEnergySolar":0,"energyGenerated":0,"todayAcEnergySolar1":0,"todayAcEnergySolar2":0,"todayAcEnergySolar3":0,"todayAcEnergySolar4":0,"todayAcEnergySolar5":0,"acLoadkWhAcc":2.476611328125,"energyUsed":2.476611328125,"battInkWhAcc":16.611328125,"battOutkWhAcc":19.3798828125,"batteryEnergyInToday":3137.6953125}